id,institution,career_stage,funder,percent,lmic,challenges,interest,assist,access,use,submitted
39,"Centre for Health Economics, University of York",MCR,NIHR,100,UK,"On the practical side, the main challenge is getting accurate administrative data. In England, mental health admin data has been improving, but there are still more limitations in terms of data quality and completeness compared to physical health administrative data. This has an impact on the quality of the studies we can do. Also, data access can be challenging and can take months.

The other challenge is evaluating all the policies that are being put in place. Everything is happening at the same time, and it is difficult to evaluate and provide scientific evidence on how effective/cost-effective these policies are. In addition, it is not always clear how things started and how they have evolved over time, even when asking the people who want them evaluated or the Government.",Having a group where we can meet and discuss the economics of mental health with people who also work in the field is always great. It is an opportunity to understand what people are doing and how we can complement each other. Despite the increasing interest in the economics of mental health I feel that this group is much needed. A place where people meet with the same interests and where we can discuss different topics in mental health is a great start for progressing in this field.,"I think this group could provide a basis not only for networking and potential collaborations but also a place for brainstorming and overcome the hurdles we all face when doing economics of mental health research. I think this sub-group can be a good place to share ideas, discuss common challenges and learn from each other's experiences. It could also help identify opportunities for collaboration and for developing new research ideas.","Fortunately, in our department we have a an agreement in place with NHS England so we do not face long waits to get the datasets. However, particularly for mental health datasets, we tend to receive the latest data quite late when compared to physical health data. This can make it more difficult to conduct timely analyses of recent changes in services or policies.","The data I have been using in my research is administrative data from the UK. The main challenges we face is due to data quality which despite being improved overtime is not perfect. We need to make some assumptions throughout the cleaning process which some of them have an impact on the analysis. 

Also, it is very difficult to control for severity using this admin data as diagnosis or other variables that could signal severity are poorly populated. Analysing children and young people is often the most challenging as this problem is even worse.",2026-09-22 11:13:18
38,Swansea University,ECR,NIHR,50,UK,"Availability of social care data. 
Availability of data to inform distributional cost-effectiveness analysis.
Including unpaid carer outcomes.
Interventions where you would not expect improvements, they may prevent worsening of conditions, but there is no expectation that people with a condition will improve - what outcome measures to use, what methods of evaluation are best.",To keep on top of methodology in complex interventions for mental health.,To be able to bring problems to a group and see how other researchers have addressed these.,"We've been told there are no electronic records for mental health. We know if people are referred to mental health services but not what therapy they get or if they attend therapy. We also can't find routine data for social care, so we can't capture shifts in resource use from health services to social care.","We're not getting enough detail on subgroups, where an intervention or a way of delivering an intervention may be more beneficial to particular populations.",2026-09-17 15:22:21
37,University of Oxford,MCR,NIHR,50,UK,"Funding
high quality data",Develop as a better mental health researcher,"networking, events, presentations and getting feedback",High costs,Data collection is not designed for mental health research,2026-09-11 14:02:43
36,University of York,SAR,NIHR,10,UK,,Find out more.  Support researchers via RSS so would learn more about economics of MH to support them. Involved in a trial with overlap in the area.,Learn more. Connections.,-,Data indicating diagnosis/severity,2026-09-11 11:25:21
35,Queen's University Belfast,MCR,NIHR,50,UK,"Accessing GP records to determine primary care resource use. Inevitably, I have to use self-report and this puts the burden on participants (or their carers) who are struggling with their mental health and often are experiencing co-morbidities or are socially complex.","Network with others in the area, particularly for peer learning",Hearing about mental health economic research and learning about alternative approaches in accessing and using administrative or self-report data from different public services that is not necessarily fit for research,"Accessing GP records, accessing electronic healthcare records for smaller study samples (<250 participants), accessing CAMHS data, accessing school nurse records, accessing health visitor records, research governance approval delays.","Administrative data not being fit for research purposes with a lot of time spent data cleaning, assumptions having to be made, and/or level of missing data.",2026-09-11 11:00:52
34,"Edinburgh Clinical Trials Unit, University Of Edinburgh",SAR,NIHR,15,UK,"Suitability of Health Utility measures. EQ-5D in particular lacks credibility and depending on the condition, may not be possible to administer. Furthermore, with issues such as stress or depression, many of our utility measures dont capture the patients outlook about the future. They are often concerned about trajectory not the current day being measured.

Finally, in certain cases where substance misuse or other problem behaviours are comorbid, criminal justice costs may need accounting for. These are outwith the usual NHS/PSS NICE ref case cost perspective. Price weights for these are challenging to obtain. ie not considered in PSSRU for example. It would be useful to have an accepted standard go to source for these.","I hadnt realised I was being asked to join. But I would be happy to if you are looking for members. I probably have some experience to share and a lot to learn. I am however quite busy so I may be a bit unreliable.

I am a health economist with 15 years experience specialising in RCTs, a little experience in other areas if these skills would be helpful?

Andrew Stoddart
Senior Health Economist 
Edinburgh Clinical Trials Unit
andrew.stoddart@ed.ac.uk",Peer support. Best practice sharing. Methods development. Networking.,"As a trialist, we would collect this prospectively. The challenges depend on the specific condition, and the degree of cognition of the patient. If there is a substance misuse element, participants can be hard to track. 

I dont have experience attempting to acesss routine/survey data. I imagine there are additional ethics limitations ofc, but others will have a better idea about this than I would.","Other than higher than usual degrees of missing data, and more complex data collection already noted, in principal the analysis methods I use are the same as those for other conditions. ICERs CEACs bootstrapping etc.

I have never made on, but I imagine any long term modelling would be very challenging. Markovs etc assume very static health states. I expect there would be a lot more detail needed for mental health but I am speculating here only.",2026-09-11 09:12:51
33,University of Exeter,SAR,NIHR,50,UK,"One of the key challenges I experience in conducting mental health economics research is that economic data collection often competes with many other data collection priorities. Participant burden is a particular concern, so there is constant pressure to collect the minimum amount of economic information while still collecting enough to undertake a meaningful economic evaluation.

This is particularly challenging in dementia research, where relevant resource use and impacts can extend across NHS and social care, informal/unpaid care, voluntary-sector support, and costs to people living with dementia and their families. Deciding what to measure and from which perspective, while keeping data collection proportionate and manageable, can therefore be difficult.","I would really value being part of a group where we can share expertise and experiences across mental health economics studies and work together on some of the methodological challenges we repeatedly encounter. There is considerable scope for greater consistency and shared learning across studies, and I would be keen both to contribute my own experience and to help develop practical approaches that can be used more widely across NIHR research.","I think it could be really helpful to have a forum where we can discuss the challenges we keep encountering across different studies and share how we have approached them. There is a lot of potential to avoid reinventing the wheel, particularly around economic data collection, outcome measures and participant burden, and perhaps to develop some shared approaches or practical guidance that could be used more widely across NIHR-funded research.","I think one of the main challenges is that the data are often quite fragmented across different services and datasets, and accessing and linking them can take considerable time. From a health economics perspective, even when data are available, they do not necessarily capture everything we need, particularly social care, informal care and wider impacts on patients and families. This is especially relevant in dementia, where the costs and consequences extend well beyond the healthcare system.","Missing data are a recurring challenge, particularly as economic data collection can be quite burdensome and participants may not complete all the measures. Some economic methods can also be challenging for participants; for example, we have found that discrete choice experiments can sometimes be difficult to understand, particularly for people with cognitive impairment or other vulnerabilities, which then has implications for how the data are analysed and interpreted. Another challenge is costing: appropriate and up-to-date unit costs are not always available for all the services people use, particularly for community, social care and voluntary-sector services. There can also be considerable heterogeneity in mental health populations, which makes both the analysis and interpretation of economic outcomes more complex.",2026-09-11 09:01:14
32,LSE,SAR,NIHR,80,COMB,"Lack of innovation in economic evaluation design; real leadership that's outside of HRA and even WHO standards 

Need for system transformative economic research and action / participatory economic evaluation research",To build leadership in above,Support economic evaluators to become leaders of collaborations; leadership,It depends on each study and context but stigma is one when collecting the data,"Missing data, poor awareness of what economic evaluation involves among research team",2026-09-11 09:00:57
31,Imperial College London,SAR,NIHR,20,UK,Outcome measures and data on resource use,To share experiences with other people in the same field,To create networking opportunities and share methods,If not collecting data from trials the availabe data are often not capturing all the services accessed,,2026-09-11 08:52:56
30,"Bangor University, Centre for Health Economics and Medicines Evalution",ECR,N_A,20,UK,,To learn about available tools and methods and improving methods to be conducted equitably.,To meet others researchers conducting similar research and exchange ideas and methods.,Obtaining ethical approval for vulnerable groups can be time consuming.,,2026-09-11 08:51:51
29,Bangor University,ECR,NIHR,25,UK,Difficult to find unit costs for mental health services,Exchange knowledge on economic evaluation in mental health,"If we discuss about what are challenging that we have faced and how should we address the challenging. e.g., the best approach to overcome the challenges",lot of missing data,Lots of missing data and no unit costs for some services,2026-09-11 08:49:23
28,University of Glasgow,SAR,NIHR,40,UK,"data collection in care as usual arm (CAMHS services differs throughout uk)
choice of outcome measures
capturing knock on effects","network and collaboration with our health economists working in this area
learn form other economics in mental health projects / research and practices","linking colleagues together working on similar areas
seminars on best practice / ongoing research","locally held / local authority data not readily available 
data linkage to NHS data - time and  financial constraints
needs for causal data to help support long term extrapolation and impact on other sectors (e.g. crime, productivity ) etc etc.",,2026-08-31 11:17:36
27,University of Liverpool,MCR,NIHR,75,UK,The key challenge that is specific to mental health economics research is that sometimes methods developed for physical health conditions are not directly applicable/translatable to mental health. Sometimes it can be difficult to show QALY gains in mental health populations even though there are important health benefits experienced.,"Mental health is my key area of work, I would like to make connections with others working in the area as an opportunity for shared learning and development of best practice.",Possibility for health economist-led collaborative research in mental health; identifying people for trial steering committees/HEAP reviews etc.,"For me the main challenges in accessing data are not specific to mental health data, so this group could be an opportunity for shared learning from other areas as well.",N/A,2026-08-24 18:16:16
26,University of Lancashire,MCR,NIHR,40,UK,"Resource use data collection
Longer-term follow up
Spillover effects (on caregivers)",Learning from other practitioners in the field and exchanging ideas for good practice,By coordinating a national group in this field where networking/showcasing opportunities can be promoted,Working alongside trials I'd say mainly completeness and relevance,"Building models for multiple imputation, adapting existing models for longer-term modelling",2026-08-19 10:07:39
25,University of York,SAR,NIHR,50,COMB,"Data quality is worse than for physical health. Key things which are missing include diagnostic information, measures of severity / acuity / casemix, clinical outcomes, patient experience measures.","To understand what the common challenges are for other researchers in this area. 
To network. 
To learn what other research is going on in this area.",Getting researchers in this area together. Learning from one another. Networking. Potentially forming new collaborations.,Mental health (secondary care) data e.g. MHSDS and IAPT is not linked to primary care data in the UK e.g. CPRD / OpenSAFELY and this is a huge gap. We need to lobby for this to change.,Missingness means that one needs to make lots of (often untestable) assumptions to try to fill in as much as possible of the patient record. Data cleaning is much more challenging than for physical health.,2026-08-18 13:02:33
24,University College London,ECR,NIHR,50,UK,patient compliance and PPIE activity organization.,I would like to have more opportunity to help on shaping the research in this field.,Have technical documents or papers talking about methodology development in this field.,I don't have since I currently mainly work on trial data. Maybe observational data have more probelems to be accessed.,I find resource-use data particularly challenging in mental health studies because of the heterogeneity in service-use patterns and the range of sectors that may need to be considered. Some practical guidance on the main challenges in analysing these data and how they can be addressed would be very helpful.,2026-08-18 11:28:51
23,UCL,SAR,Other,20,UK,,"Identify potential collaboration
Enhance knowledge transfer",,,,2026-08-18 09:59:07
22,University of Sheffield,ECR,NIHR,90,UK,"data quality, different measures used across data sources, how to evaluation public health approaches",shared expertise,"networking and sharing methods, collaboration",knowing what is available,"needing more information on public mental health, measuring prevention of mental health",2026-08-17 10:47:51
21,Glasgow Caledonian University,ECR,NIHR,20,UK,"I am generally involved in studies collecting longitudinal primary data and it can be challenging to recruit participants, and emotionally challenging for the researcher at times. I also think there needs to be a clearer case made for severe mental illness economics that is distinct and separated from mental-wellbeing interventions for mental health (e.g. mindfulness, CBT, counselling, etc).",to learn from others good practice and ensure my research is incorporating methods consistent with other economics practice,"to build a connected research agenda for mental health economics. Also, NIHR Economics mental health might want to add to or have a version of the mental health research community map (see https://mentalhealthresearch.org.uk/mental-health-research-map/ ) .",n/a (so far I have only used primary data collected),missing data,2026-08-17 08:53:40
20,King's College London,ECR,NIHR,75,UK,"Bringing together and reconciling the different perspectives of clinicians, service users, decision-makers, and researchers.",To connect with people working in different research contexts and learn from their experiences.,"It could provide a forum for sharing methodological expertise, discussing common challenges, and developing collaborations across different research settings.","Bureaucratic and lengthy approval processes, which can significantly delay access to data.","Integrating pharmacological, psychological, and social approaches, alongside a lack of standardised analytical practices.",2026-08-17 01:47:42
19,King's college london,MCR,NIHR,70,UK,"understanding the difference and relationships between HRGs, groupers, reference costs etc",To hear about any interesting methods developments,methods work to inform my mostly applicable research,HES takes years!!!,"challenges with combining stats techniques, eg MI and bootstrap, and/or mixed models.
Understanding how to conduct things like LMM v GLM and whether this is actually needed. And what the actual difference is!
Lack of computing power for complex modelling like mixed model MI work.
Understanding mixed models!",2026-08-14 14:50:36
18,university of manchester,ECR,NIHR,20,UK,"outcomes measurement, generic measures don't pick up changes in this population",to meet other researchers doing work in this area and to share methodological developments,sharing methodological developments / approaches to analyses involving individuals with poor mental health,"poor quality of mental health services dataset
lack of ability for generic health outcome measures to capture impact",how to look at the cost-effectiveness of interventions for suicide prevention,2026-08-14 13:22:26
17,University of Manchester,MCR,NIHR,40,COMB,Data and unclear policy focus around key issues,Share experiences with colleagues and develop potential collaborations,"Creating networks and spaces to discuss research, but also represent an interface with NIHR on bringing our views forward to shape the research and support they fund",Data not routinely available or access very restricted due to sensitivities,Lack of existing economic information around them or available linkages to relevant information,2026-08-14 13:04:32
16,University of Manchester,SAR,NIHR,40,UK,Access to data,To find out more about what work is going on and what future opportunities there might be,"Sharing resources, sharing papers, encouraging collaboration across institutions
Lobbying NIHR to prioritise mental health research","Relying on NHS Digital. They change the rules every two minutes so even once you think you have cracked data access, you havent",Lack of outcomes,2026-08-14 13:04:02
15,University of Manchester,MCR,NIHR,25,UK,Data access!,To chat to colleagues about access to data and research methods,"Seminars and discussions (on data, methods, but also topics etc.)",It is really hard to access from NHS(-E) in a meaningful way,N/A,2026-08-14 13:00:11
14,"CHE, UoY",SAR,NIHR,20,UK,,,,,,2026-08-14 11:59:31
13,University of Liverpool,ECR,UKRI,90,UK,The main challenges  so far in my research has been mainly conceptualisng the   mental health outcomes measures and costing the measures.,"Collaborate, share knowledge, and contribute to health economics evidence in mental health research.",Sharing methods and expertise and addressing common research challenges.,Lengthy access and approval processes and inconsistencies in data quality and outcome measures.,Missing or incomplete data and confounding and long-term effects.,2026-08-14 11:57:24
12,University of Greenwich,SAR,NIHR,90,COMB,The methods recommended by NICE and which attract funding from NIHR do not always apply well to mental health. QALYs in particular (as usually derived) do not work well in schizophrenia or bipolar.,Sharing ideas and challenges with others and establishing bespoke approaches if these are considered necessary.,"If we come to a consensus that some approaches don't work then we can more effectively lobby NIHR funding panels. Of course we might not come to such a consensus! Other than that, just being part of a wider group is helpful as we are currently spread quite thinly.",MHSDS is an important resource but it is not clear how to access the data for research and it is a shame that costs are quite high.,No specific challenges.,2026-08-14 09:36:36
11,King's College London,SAR,NIHR,100,UK,"Please note, I don't feel there is anything particularly challenging for MH that isn't a challenge for other areas of complex need, so most of these are relevant to non-MH areas as well:
Insensitivity of outcome measures, particularly in severe disorders
Outcome measurement in young children <5
Complexity of service use patterns
Lack of suitable, up to date unit costs
Highly skewed cost data, particularly in severe disorders","To see what others are doing that might be interesting or different.
To support future development of methods.","Broad discussions would be useful to get some consensus on what the problems are or indeed whether (as I note above) there are any problems that are truly specific to MH. I don't personally believe there are since obvious challenges are relevant to non-MH conditions as well. I think the problem is complexity, rather than MH per se, with complex disorders involving multiple sectors and multi-faceted outcomes that are not as easily captured by simple outcome or service use measures, and are not as easily captured in single or a small number of observational datasets.","(1) MH data in HES is patchy, as MH NHS Trusts have been able to opt out.
(2) There is no single source, so collecting data from records is prohibitively expensive and time consuming (e.g., need primary care data, secondary/tertiary MH data, secondary/tertiary acute care data, social care data, non-statutory sector data, and sometimes education and/or criminal justice data), and it is not possible to get all of this in one place. This means the only option is to ask participants to report resource use data which is notoriously inaccurate.
(3) Suitable unit costs are not always available.","Not really any more challenging than any other data - just more of it so more complex and more time consuming, yet expectation that analysis will be done within the same resources as for simpler populations. We do sometimes have highly skewed data, but that is true of other complex areas as well.",2026-08-14 09:23:37
10,University of York,SAR,NIHR,20,UK,"Lack of good PROMs in EHR for less severe MH issues. 
Challenges in accessing primary health care data for research.
Absence of data from the third sector",Opportunity to share ideas / knowledge,"Regular seminars, meetings to discuss methods challenges",Cost of accessing primary care data. Lack of data for the third sector.,Data generation mechanisms for the PROMs data we have not well understood.,2026-08-14 09:18:59
9,Newcastle University Business School,ECR,Other,90,LMIC,"I work mainly in LMICs, where administrative data on mental health is essentially non-existent or not easily accessible. That forces primary data collection through surveys, but self-reported mental health is widely treated by economists as subjective and less valid, so publishing in top journals requires layering on objective measures (actigraphy or wearables for my insomnia work, and biomarkers such as hair, blood or saliva samples elsewhere). Objective data collection at scale is very expensive, and the obvious alternatives don't exist: there is no infrastructure for routinely recorded clinical data, no feasible survey-to-admin linkage, and even if there were, care avoidance means public-facility records would capture a selected sliver of the population. The result is a costly cycle: collect your own data, then spend heavily to validate it.","Having recently moved to a UK institution (a business school to be specific), I'm looking for a community of researchers working on the economics of mental health. It remains a niche field within economics, and most of us sit isolated in departments where nobody else works on these topics. I'd also value a bridge into the NIHR ecosystem, which I'm new to.","Three ways: convening a regular seminar or work-in-progress series where mental health economists can get specialist feedback; working toward shared standards on measurement, particularly on when self-reported scales are acceptable and how to validate them cost-effectively, which would help the whole field defend its data to journals and funders; and funding navigation, especially guidance on NIHR routes for economics-led mental health research, including global health streams for those of us working in LMICs.","In the LMIC settings where I work, the challenge is absence rather than access: there is little or no administrative mental health data to request, and no linkage infrastructure connecting surveys to records. Where clinical data exists, governance frameworks for sharing are often undeveloped, making approval processes slow and unpredictable.","Measurement dominates everything: reconciling self-reports with objective measures that only partially agree; deciding between continuous scores and clinical cutoffs, which can tell different stories from the same distribution; and handling wearable and biomarker data, which arrives as high-frequency raw output requiring processing choices economics training doesn't cover. Beyond that, attrition in panel studies is rarely random with respect to mental health itself, which complicates the causal designs the field needs.",2026-08-14 09:14:26
8,University,SAR,NIHR,45,UK,"Challenges in relation to completing cost/benefits

e.g. queries about how to complete the ModRum",To be aware of recent developments in the field,see above,Not familiar with specific sources in relation to this.,"Usual missing data, etc.",2026-08-14 08:59:19
7,University of Manchester,ECR,Other,60,UK,Having data which consider a broad range of aspects of mental health,I want to connect with economists who are working on topics related to mental health. I also see if there are shared interest to evaluate the effect of mental health care on broader outcomes such as labour market outcomes by using registries linked data,,,I am often hearing that we do not know the part of people who is undiagnosed when looking at healthcare use data.,2026-08-14 08:36:10
6,King's College London,MCR,NIHR,20,UK,"The main challenges are poor and incomplete mental health data, difficulty linking health, social care and employment records, and short follow-up periods. Mental health benefits can take years to appear and may not be captured well by standard QoL measures. It is also hard to show whether an intervention caused the change, especially outside trials. Costs and benefits often fall across several sectors, which makes the full value difficult to measure.","It would be a good opportunity to improve methods, develop collaborations and help make economic evidence more useful for mental health policy and services.","It could bring mental health economists together to share methods, discuss common problems, and develop joint research.",Access can be slow because of approvals and information governance.,NA,2026-08-14 08:30:33
5,Imperial College London,SAR,NIHR,30,UK,Ho to measure patients and caregivers' quality of life for specific diseases,I wm working on several mental health related projects and would benefit from sharing experiences with researchers working in the same field.,"Share experience with other colleagues, create collaborations opportunities",I work mainly with trial data.,Quality of data is poor or little detail on resource use.,2026-08-14 08:24:24
4,University of Sheffield,SAR,NIHR,80,UK,Routine data to support assessing the full economic decision problem,"Share experiences and lessons on the conduct of mental health research, with a focus on economic evaluation",To share learning and experiences,"Broader data (e.g., employment data) not freely available via established routes","Fully understanding the nature of routine data entry. i.e., what the data actually represents. Data that is meant to be entered not being entered routinely. Missing data (partially or completely) on confounders and outcomes at key time points.",2026-08-14 08:24:21
3,"UCL Division of Medicine, Centre for Medical Imaging",ECR,N_A,0,UK,NA,I do not do any mental health work so I possibly don't have any business being part of the the sub-group.,N/A,N/A,N/A,2026-08-13 18:23:34
2,UCL,MCR,NIHR,10,UK,Funding,To stay on top of methodology,"Networking among health economists, and raising the profile of MH research, to try and get it on a more even footing with certain types of physical health research (cancer...). If we can show the economic case for good interventions/services in mental health, and get that out to the public, that would be great.",.,.,2026-08-13 15:59:10
1,UCL,SAR,NIHR,60,UK,Some questionnaires not working,To increase awareness of mental health research and make contacts.,Increased knowledge exchange,Data quality,Dirty or incomplete data,2026-08-10 18:34:08
